[{"@type":"connection","id":"@1","name":"mssqltest","runtimeEnvironmentId":"@4eu6pr012mmc68TIhNYnIN","instanceDisplayName":"SqlServer","host":"65.0.51.78","database":"master","codepage":"UTF-8","authenticationType":"SqlServer","adjustedJdbcHostName":"65.0.51.78","schema":"dbo","type":"SqlServer2017","baseType":"SqlServer","subType":"SqlServer2017","port":1433,"password":"********","username":"SA","majorUpdateTime":"2025-01-08T00:57:15.000Z","timeout":60,"connParams":{"agentId":"008000000000074","CryptoProtocolVersion":"TLSv1","agentGroupId":"025000000000002","AUTHENTICATION_TYPE":"SqlServer","encryptionMethod":"None","orgId":"012TC0","ValidateServerCertificate":"False","authenticationType":"SqlServer"},"internal":false,"federatedId":"7pWd9iz7LcydlhmugSsN0T","retryNetworkError":false,"supportsCCIMultiGroup":false,"metadataBrowsable":true,"supportLabels":false,"vaultEnabled":false,"vaultEnabledParams":[]}]