[{"@type":"mappingTemplate","id":"@1","name":"EmpDepJoiner_map","description":"","bundleVersion":"0","assetFrsGuid":"aTMWf4CBGvtkBNyNsCPxcZ","templateId":"@3","deployTime":1733895859000,"hasParameters":false,"valid":true,"fixedConnection":true,"hasParametersDeployed":false,"fixedConnectionDeployed":true,"isSchemaValidationEnabled":false,"tasks":1,"mappingPreviewFileRecordId":"@2","documentType":"MAPPING","references":[{"@type":"reference","refObjectId":"@5MVsSDUSYygddTB4c1OKor","refType":"connection"}]}]