[{"@type":"mappingTemplate","id":"@1","name":"DeptTotalSalary_map","description":"","bundleVersion":"0","assetFrsGuid":"44IuukiEAwylsUKx9esSoa","templateId":"@3","deployTime":1733392898000,"hasParameters":false,"valid":true,"fixedConnection":true,"hasParametersDeployed":false,"fixedConnectionDeployed":true,"isSchemaValidationEnabled":false,"tasks":1,"mappingPreviewFileRecordId":"@2","documentType":"MAPPING","references":[{"@type":"reference","refObjectId":"@5MVsSDUSYygddTB4c1OKor","refType":"connection"}]}]