[{"@type":"connection","id":"@1","name":"awstest","runtimeEnvironmentId":"@4eu6pr012mmc68TIhNYnIN","instanceName":"Amazon S3 v2","instanceDisplayName":"Amazon S3 v2","type":"TOOLKIT_CCI","baseType":"TOOLKIT","subType":"TOOLKIT_CCI","port":0,"majorUpdateTime":"2024-12-03T03:17:59.000Z","timeout":60,"connParams":{"UseEC2RoletoAssumeRole":"false","KMSVPCEndpointType":"NONE","agentId":"00800000000006Y","agentGroupId":"025000000000002","IAMRoleARN":"","IdpSsoUrl":"","ProfileName":"","S3EndPointDNSName":"","STSEndPointDNSName":"","S3AccountType":"Amazon S3 Storage","CCM_CONN_PRESENTATION":"{\"type\":\"TOOLKIT_CCI\",\"instanceName\":\"Amazon S3 v2\",\"groups\":[{\"groups\":[{\"groups\":[],\"attributes\":[{\"name\":\"agentGroupId\",\"displayName\":\"conn_agent_group\",\"tooltip\":\"conn_agent_group_help\",\"type\":\"AGENTGROUP\",\"segregationCategory\":\"BASIC\",\"maxLength\":0,\"numRows\":0,\"mandatory\":true,\"basic\":false,\"disabled\":false,\"hidden\":false,\"hasDependentAttributes\":false,\"connectionParam\":false,\"encrypted\":false,\"isNative\":false,\"attrId\":0,\"deprecated\":false,\"vaultEnabled\":false,\"dynamicRTConnAttrLink\":false}],\"title\":\"Amazon S3 v2 Properties\",\"enableDocHelp\":true,\"docHelpContextId\":\"AMAZON_S3V2_CONN\",\"collapse\":false},{\"groups\":[],\"attributes\":[{\"name\":\"AccessKey\",\"displayName\":\"Access Key\",\"tooltip\":\"The access key to access the Amazon S3 bucket.\",\"defaultValue\":\"\",\"type\":\"PASSWORD\",\"segregationCategory\":\"BASIC\",\"maxLength\":0,\"numRows\":0,\"mandatory\":false,\"basic\":false,\"disabled\":false,\"hidden\":false,\"hasDependentAttributes\":false,\"connectionParam\":false,\"encrypted\":true,\"isNative\":false,\"attrId\":0,\"deprecated\":false,\"vaultEnabled\":false,\"helpContextId\":\"AMAZON_S3V2_CONN-ACCESSKEY\",\"dynamicRTConnAttrLink\":false},{\"name\":\"SecretKey\",\"displayName\":\"Secret Key\",\"tooltip\":\"The secret key associated with the access key to access the Amazon S3 bucket. \",\"defaultValue\":\"\",\"type\":\"PASSWORD\",\"segregationCategory\":\"BASIC\",\"maxLength\":0,\"numRows\":0,\"mandatory\":false,\"basic\":false,\"disabled\":false,\"hidden\":false,\"hasDependentAttributes\":false,\"connectionParam\":false,\"encrypted\":true,\"isNative\":false,\"attrId\":0,\"deprecated\":false,\"vaultEnabled\":false,\"helpContextId\":\"AMAZON_S3V2_CONN-SECRETKEY\",\"dynamicRTConnAttrLink\":false},{\"name\":\"IAMRoleARN\",\"displayName\":\"IAM Role ARN\",\"tooltip\":\"The ARN of the IAM role assumed by the IAM user or EC2 role to use temporary security credentials to access the AWS resources.\",\"defaultValue\":\"\",\"type\":\"STRING\",\"segregationCategory\":\"ADVANCE\",\"maxLength\":0,\"numRows\":0,\"mandatory\":false,\"basic\":false,\"disabled\":false,\"hidden\":false,\"hasDependentAttributes\":false,\"connectionParam\":false,\"encrypted\":false,\"isNative\":false,\"attrId\":0,\"deprecated\":false,\"vaultEnabled\":false,\"helpContextId\":\"AMAZON_S3V2_CONN-IAMROLEARN\",\"dynamicRTConnAttrLink\":false},{\"name\":\"ExternalId\",\"displayName\":\"External ID\",\"tooltip\":\"The AssumeRole request parameter to generate temporary session credentials that enable an IAM user or AWS service to assume a role.\",\"defaultValue\":\"\",\"type\":\"PASSWORD\",\"segregationCategory\":\"ADVANCE\",\"maxLength\":0,\"numRows\":0,\"mandatory\":false,\"basic\":false,\"disabled\":false,\"hidden\":false,\"hasDependentAttributes\":false,\"connectionParam\":false,\"encrypted\":true,\"isNative\":false,\"attrId\":0,\"deprecated\":false,\"vaultEnabled\":false,\"helpContextId\":\"AMAZON_S3V2_CONN-EXTERNALID\",\"dynamicRTConnAttrLink\":false},{\"name\":\"UseEC2RoletoAssumeRole\",\"displayName\":\"Use EC2 Role to Assume Role\",\"tooltip\":\"Enable the EC2 role to assume another IAM role specified in the \\u0027IAM Role ARN\\u0027 option.\",\"defaultValue\":\"false\",\"type\":\"BOOLEAN\",\"segregationCategory\":\"ADVANCE\",\"maxLength\":0,\"numRows\":0,\"mandatory\":false,\"basic\":false,\"disabled\":false,\"hidden\":false,\"hasDependentAttributes\":false,\"connectionParam\":false,\"encrypted\":false,\"isNative\":false,\"attrId\":0,\"deprecated\":false,\"vaultEnabled\":false,\"helpContextId\":\"AMAZON_S3V2_CONN-USEEC2ROLETOASSUMEROLE\",\"dynamicRTConnAttrLink\":false},{\"name\":\"FolderPath\",\"displayName\":\"Folder Path\",\"tooltip\":\"Bucket name or complete folder path to the Amazon S3 objects.\",\"defaultValue\":\"\",\"type\":\"STRING\",\"segregationCategory\":\"BASIC\",\"maxLength\":0,\"numRows\":0,\"mandatory\":true,\"basic\":false,\"disabled\":false,\"hidden\":false,\"hasDependentAttributes\":false,\"connectionParam\":false,\"encrypted\":false,\"isNative\":false,\"attrId\":0,\"deprecated\":false,\"vaultEnabled\":false,\"helpContextId\":\"AMAZON_S3V2_CONN-FOLDERPATH\",\"dynamicRTConnAttrLink\":false},{\"name\":\"S3AccountType\",\"displayName\":\"S3 Account Type\",\"tooltip\":\"The Amazon S3 account type. Select Amazon S3 Storage or S3 Compatible Storage. \",\"defaultValue\":\"Amazon S3 Storage\",\"type\":\"LIST\",\"segregationCategory\":\"ADVANCE\",\"maxLength\":0,\"numRows\":0,\"mandatory\":false,\"basic\":false,\"disabled\":false,\"hidden\":false,\"hasDependentAttributes\":true,\"connectionParam\":false,\"options\":[{\"name\":\"Amazon S3 Storage\",\"displayName\":\"Amazon S3 Storage\"},{\"name\":\"S3 Compatible Storage\",\"displayName\":\"S3 Compatible Storage\"}],\"subgroups\":[{\"name\":\"Amazon S3 Storage\",\"group\":{\"groups\":[],\"attributes\":[],\"enableDocHelp\":false,\"collapse\":false}},{\"name\":\"S3 Compatible Storage\",\"group\":{\"groups\":[],\"attributes\":[{\"name\":\"RESTEndpoint\",\"displayName\":\"REST Endpoint\",\"tooltip\":\"The endpoint URL of the S3 compatible storage. Enter the endpoint URL in HTTP or HTTPs format.\",\"defaultValue\":\"\",\"type\":\"STRING\",\"segregationCategory\":\"ADVANCE\",\"maxLength\":0,\"numRows\":0,\"mandatory\":true,\"basic\":false,\"disabled\":false,\"hidden\":false,\"hasDependentAttributes\":false,\"connectionParam\":true,\"encrypted\":false,\"isNative\":false,\"attrId\":0,\"deprecated\":false,\"vaultEnabled\":false,\"helpContextId\":\"AMAZON_S3V2_CONN-S3_COMPATIBLE_STORAGE-RESTENDPOINT\",\"dynamicRTConnAttrLink\":false}],\"enableDocHelp\":false,\"collapse\":false}},{\"name\":\"UNKNOWN\"}],\"encrypted\":false,\"isNative\":false,\"attrId\":0,\"deprecated\":false,\"vaultEnabled\":false,\"helpContextId\":\"AMAZON_S3V2_CONN-S3ACCOUNTTYPE\",\"dynamicRTConnAttrLink\":false},{\"name\":\"RESTEndpoint\",\"displayName\":\"REST Endpoint\",\"tooltip\":\"The endpoint URL of the S3 compatible storage. Enter the endpoint URL in HTTP or HTTPs format.\",\"defaultValue\":\"\",\"type\":\"STRING\",\"segregationCategory\":\"ADVANCE\",\"maxLength\":0,\"numRows\":0,\"mandatory\":false,\"basic\":false,\"disabled\":false,\"hidden\":true,\"hasDependentAttributes\":false,\"connectionParam\":false,\"encrypted\":false,\"isNative\":false,\"attrId\":0,\"deprecated\":false,\"vaultEnabled\":false,\"helpContextId\":\"AMAZON_S3V2_CONN-RESTENDPOINT\",\"dynamicRTConnAttrLink\":false},{\"name\":\"RegionName\",\"displayName\":\"Region Name\",\"tooltip\":\"The AWS region of the Amazon S3 bucket that you want to access.\",\"defaultValue\":\"US East(N. Virginia)\",\"type\":\"LIST\",\"segregationCategory\":\"BASIC\",\"maxLength\":0,\"numRows\":0,\"mandatory\":false,\"basic\":false,\"disabled\":false,\"hidden\":false,\"hasDependentAttributes\":false,\"connectionParam\":false,\"options\":[{\"name\":\"US East(N. Virginia)\",\"displayName\":\"US East(N. Virginia)\"},{\"name\":\"US West(N. California)\",\"displayName\":\"US West(N. California)\"},{\"name\":\"US West(Oregon)\",\"displayName\":\"US West(Oregon)\"},{\"name\":\"EU(Ireland)\",\"displayName\":\"EU(Ireland)\"},{\"name\":\"EU(London)\",\"displayName\":\"EU(London)\"},{\"name\":\"EU(Frankfurt)\",\"displayName\":\"EU(Frankfurt)\"},{\"name\":\"Asia Pacific(Tokyo)\",\"displayName\":\"Asia Pacific(Tokyo)\"},{\"name\":\"Asia Pacific(Seoul)\",\"displayName\":\"Asia Pacific(Seoul)\"},{\"name\":\"Asia Pacific(Singapore)\",\"displayName\":\"Asia Pacific(Singapore)\"},{\"name\":\"Asia Pacific(Sydney)\",\"displayName\":\"Asia Pacific(Sydney)\"},{\"name\":\"South America(Sao Paulo)\",\"displayName\":\"South America(Sao Paulo)\"},{\"name\":\"Asia Pacific(Mumbai)\",\"displayName\":\"Asia Pacific(Mumbai)\"},{\"name\":\"Canada(Central)\",\"displayName\":\"Canada(Central)\"},{\"name\":\"US East(Ohio)\",\"displayName\":\"US East(Ohio)\"},{\"name\":\"China (Beijing)\",\"displayName\":\"China (Beijing)\"},{\"name\":\"China (Ningxia)\",\"displayName\":\"China (Ningxia)\"},{\"name\":\"EU (Paris)\",\"displayName\":\"EU (Paris)\"},{\"name\":\"AWS GovCloud (US)\",\"displayName\":\"AWS GovCloud (US)\"},{\"name\":\"AWS GovCloud (US-East)\",\"displayName\":\"AWS GovCloud (US-East)\"},{\"name\":\"EU (Stockholm)\",\"displayName\":\"EU (Stockholm)\"},{\"name\":\"Asia Pacific (Hong Kong)\",\"displayName\":\"Asia Pacific (Hong Kong)\"},{\"name\":\"Middle East (Bahrain)\",\"displayName\":\"Middle East (Bahrain)\"},{\"name\":\"Asia Pacific (Jakarta)\",\"displayName\":\"Asia Pacific (Jakarta)\"},{\"name\":\"Africa (Cape Town)\",\"displayName\":\"Africa (Cape Town)\"},{\"name\":\"US ISO East\",\"displayName\":\"US ISO East\"},{\"name\":\"US ISOB East (Ohio)\",\"displayName\":\"US ISOB East (Ohio)\"},{\"name\":\"US ISO West\",\"displayName\":\"US ISO West\"},{\"name\":\"EU (Milan)\",\"displayName\":\"EU (Milan)\"},{\"name\":\"Asia Pacific (Osaka)\",\"displayName\":\"Asia Pacific (Osaka)\"},{\"name\":\"Middle East (UAE)\",\"displayName\":\"Middle East (UAE)\"},{\"name\":\"Asia Pacific (Melbourne)\",\"displayName\":\"Asia Pacific (Melbourne)\"},{\"name\":\"Asia Pacific (Hyderabad)\",\"displayName\":\"Asia Pacific (Hyderabad)\"},{\"name\":\"EU (Spain)\",\"displayName\":\"EU (Spain)\"},{\"name\":\"EU (Zurich)\",\"displayName\":\"EU (Zurich)\"}],\"encrypted\":false,\"isNative\":false,\"attrId\":0,\"deprecated\":false,\"tagList\":[\"dynamicAttribute\"],\"vaultEnabled\":false,\"helpContextId\":\"AMAZON_S3V2_CONN-REGIONNAME\",\"dynamicRTConnAttrLink\":false},{\"name\":\"S3RegionName\",\"displayName\":\"S3 Region Name\",\"tooltip\":\"The AWS region of the bucket that you want to access.\",\"defaultValue\":\"\",\"type\":\"STRING\",\"segregationCategory\":\"BASIC\",\"maxLength\":0,\"numRows\":0,\"mandatory\":false,\"basic\":false,\"disabled\":false,\"hidden\":true,\"hasDependentAttributes\":false,\"connectionParam\":false,\"encrypted\":false,\"isNative\":false,\"attrId\":0,\"deprecated\":false,\"tagList\":[\"RegionName\"],\"vaultEnabled\":false,\"helpContextId\":\"AMAZON_S3V2_CONN-S3REGIONNAME\",\"dynamicRTConnAttrLink\":false},{\"name\":\"FederatedSSOIdP\",\"displayName\":\"Federated SSO IdP\",\"tooltip\":\"SAML 2.0-enabled identity provider for the federated user single sign-on in AWS.\",\"defaultValue\":\"NONE\",\"type\":\"LIST\",\"segregationCategory\":\"ADVANCE\",\"maxLength\":0,\"numRows\":0,\"mandatory\":false,\"basic\":false,\"disabled\":false,\"hidden\":false,\"hasDependentAttributes\":true,\"connectionParam\":false,\"options\":[{\"name\":\"NONE\",\"displayName\":\"NONE\"},{\"name\":\"ADFS 3.0\",\"displayName\":\"ADFS 3.0\"}],\"subgroups\":[{\"name\":\"NONE\",\"group\":{\"groups\":[],\"attributes\":[],\"enableDocHelp\":false,\"collapse\":false}},{\"name\":\"ADFS 3.0\",\"group\":{\"groups\":[],\"attributes\":[{\"name\":\"FederatedUsername\",\"displayName\":\"Federated User Name\",\"tooltip\":\"User name of the federated user to authenticate access through the identity provider for SAML 2.0-based AWS federation.\",\"defaultValue\":\"\",\"type\":\"STRING\",\"segregationCategory\":\"ADVANCE\",\"maxLength\":0,\"numRows\":0,\"mandatory\":false,\"basic\":false,\"disabled\":false,\"hidden\":false,\"hasDependentAttributes\":false,\"connectionParam\":true,\"encrypted\":false,\"isNative\":false,\"attrId\":0,\"deprecated\":false,\"vaultEnabled\":false,\"helpContextId\":\"AMAZON_S3V2_CONN-ADFS_3.0-FEDERATEDUSERNAME\",\"dynamicRTConnAttrLink\":false},{\"name\":\"FederatedUserPassword\",\"displayName\":\"Federated User Password\",\"tooltip\":\"Password for the federated user to authenticate access through the identity provider for SAML 2.0-based AWS federation.\",\"defaultValue\":\"\",\"type\":\"PASSWORD\",\"segregationCategory\":\"ADVANCE\",\"maxLength\":0,\"numRows\":0,\"mandatory\":false,\"basic\":false,\"disabled\":false,\"hidden\":false,\"hasDependentAttributes\":false,\"connectionParam\":true,\"encrypted\":true,\"isNative\":false,\"attrId\":0,\"deprecated\":false,\"vaultEnabled\":false,\"helpContextId\":\"AMAZON_S3V2_CONN-ADFS_3.0-FEDERATEDUSERPASSWORD\",\"dynamicRTConnAttrLink\":false},{\"name\":\"IdpSsoUrl\",\"displayName\":\"IdP SSO URL\",\"tooltip\":\"URL of the SAML 2.0-enabled identity provider used for single sign-on in AWS.\",\"defaultValue\":\"\",\"type\":\"STRING\",\"segregationCategory\":\"ADVANCE\",\"maxLength\":0,\"numRows\":0,\"mandatory\":false,\"basic\":false,\"disabled\":false,\"hidden\":false,\"hasDependentAttributes\":false,\"connectionParam\":true,\"encrypted\":false,\"isNative\":false,\"attrId\":0,\"deprecated\":false,\"vaultEnabled\":false,\"helpContextId\":\"AMAZON_S3V2_CONN-ADFS_3.0-IDPSSOURL\",\"dynamicRTConnAttrLink\":false},{\"name\":\"SAMLIdentityProviderARN\",\"displayName\":\"SAML Identity Provider ARN\",\"tooltip\":\"ARN of the SAML identity provider that the AWS administrator created to register the identity provider as a trusted provider.\",\"defaultValue\":\"\",\"type\":\"STRING\",\"segregationCategory\":\"ADVANCE\",\"maxLength\":0,\"numRows\":0,\"mandatory\":false,\"basic\":false,\"disabled\":false,\"hidden\":false,\"hasDependentAttributes\":false,\"connectionParam\":true,\"encrypted\":false,\"isNative\":false,\"attrId\":0,\"deprecated\":false,\"vaultEnabled\":false,\"helpContextId\":\"AMAZON_S3V2_CONN-ADFS_3.0-SAMLIDENTITYPROVIDERARN\",\"dynamicRTConnAttrLink\":false},{\"name\":\"RoleARN\",\"displayName\":\"Role ARN\",\"tooltip\":\"ARN of the IAM role assumed by the federated user.\",\"defaultValue\":\"\",\"type\":\"STRING\",\"segregationCategory\":\"ADVANCE\",\"maxLength\":0,\"numRows\":0,\"mandatory\":false,\"basic\":false,\"disabled\":false,\"hidden\":false,\"hasDependentAttributes\":false,\"connectionParam\":true,\"encrypted\":false,\"isNative\":false,\"attrId\":0,\"deprecated\":false,\"vaultEnabled\":false,\"helpContextId\":\"AMAZON_S3V2_CONN-ADFS_3.0-ROLEARN\",\"dynamicRTConnAttrLink\":false}],\"enableDocHelp\":false,\"collapse\":false}},{\"name\":\"UNKNOWN\"}],\"encrypted\":false,\"isNative\":false,\"attrId\":0,\"deprecated\":false,\"vaultEnabled\":false,\"helpContextId\":\"AMAZON_S3V2_CONN-FEDERATEDSSOIDP\",\"dynamicRTConnAttrLink\":false},{\"name\":\"FederatedUsername\",\"displayName\":\"Federated User Name\",\"tooltip\":\"User name of the federated user to authenticate access through the identity provider for SAML 2.0-based AWS federation.\",\"defaultValue\":\"\",\"type\":\"STRING\",\"segregationCategory\":\"ADVANCE\",\"maxLength\":0,\"numRows\":0,\"mandatory\":false,\"basic\":false,\"disabled\":false,\"hidden\":true,\"hasDependentAttributes\":false,\"connectionParam\":false,\"encrypted\":false,\"isNative\":false,\"attrId\":0,\"deprecated\":false,\"vaultEnabled\":false,\"helpContextId\":\"AMAZON_S3V2_CONN-FEDERATEDUSERNAME\",\"dynamicRTConnAttrLink\":false},{\"name\":\"FederatedUserPassword\",\"displayName\":\"Federated User Password\",\"tooltip\":\"Password for the federated user to authenticate access through the identity provider for SAML 2.0-based AWS federation.\",\"defaultValue\":\"\",\"type\":\"PASSWORD\",\"segregationCategory\":\"ADVANCE\",\"maxLength\":0,\"numRows\":0,\"mandatory\":false,\"basic\":false,\"disabled\":false,\"hidden\":true,\"hasDependentAttributes\":false,\"connectionParam\":false,\"encrypted\":true,\"isNative\":false,\"attrId\":0,\"deprecated\":false,\"vaultEnabled\":false,\"helpContextId\":\"AMAZON_S3V2_CONN-FEDERATEDUSERPASSWORD\",\"dynamicRTConnAttrLink\":false},{\"name\":\"IdpSsoUrl\",\"displayName\":\"IdP SSO URL\",\"tooltip\":\"URL of the SAML 2.0-enabled identity provider used for single sign-on in AWS.\",\"defaultValue\":\"\",\"type\":\"STRING\",\"segregationCategory\":\"ADVANCE\",\"maxLength\":0,\"numRows\":0,\"mandatory\":false,\"basic\":false,\"disabled\":false,\"hidden\":true,\"hasDependentAttributes\":false,\"connectionParam\":false,\"encrypted\":false,\"isNative\":false,\"attrId\":0,\"deprecated\":false,\"vaultEnabled\":false,\"helpContextId\":\"AMAZON_S3V2_CONN-IDPSSOURL\",\"dynamicRTConnAttrLink\":false},{\"name\":\"SAMLIdentityProviderARN\",\"displayName\":\"SAML Identity Provider ARN\",\"tooltip\":\"ARN of the SAML identity provider that the AWS administrator created to register the identity provider as a trusted provider.\",\"defaultValue\":\"\",\"type\":\"STRING\",\"segregationCategory\":\"ADVANCE\",\"maxLength\":0,\"numRows\":0,\"mandatory\":false,\"basic\":false,\"disabled\":false,\"hidden\":true,\"hasDependentAttributes\":false,\"connectionParam\":false,\"encrypted\":false,\"isNative\":false,\"attrId\":0,\"deprecated\":false,\"vaultEnabled\":false,\"helpContextId\":\"AMAZON_S3V2_CONN-SAMLIDENTITYPROVIDERARN\",\"dynamicRTConnAttrLink\":false},{\"name\":\"RoleARN\",\"displayName\":\"Role ARN\",\"tooltip\":\"ARN of the IAM role assumed by the federated user.\",\"defaultValue\":\"\",\"type\":\"STRING\",\"segregationCategory\":\"ADVANCE\",\"maxLength\":0,\"numRows\":0,\"mandatory\":false,\"basic\":false,\"disabled\":false,\"hidden\":true,\"hasDependentAttributes\":false,\"connectionParam\":false,\"encrypted\":false,\"isNative\":false,\"attrId\":0,\"deprecated\":false,\"vaultEnabled\":false,\"helpContextId\":\"AMAZON_S3V2_CONN-ROLEARN\",\"dynamicRTConnAttrLink\":false},{\"name\":\"OtherAuthenticationType\",\"displayName\":\"Other Authentication Type\",\"tooltip\":\"The authentication type to connect to Amazon S3.\",\"defaultValue\":\"NONE\",\"type\":\"LIST\",\"segregationCategory\":\"ADVANCE\",\"maxLength\":0,\"numRows\":0,\"mandatory\":false,\"basic\":false,\"disabled\":false,\"hidden\":false,\"hasDependentAttributes\":true,\"connectionParam\":false,\"options\":[{\"name\":\"NONE\",\"displayName\":\"NONE\"},{\"name\":\"Credential Profile File Authentication\",\"displayName\":\"Credential Profile File Authentication\"}],\"subgroups\":[{\"name\":\"NONE\",\"group\":{\"groups\":[],\"attributes\":[],\"enableDocHelp\":false,\"collapse\":false}},{\"name\":\"Credential Profile File Authentication\",\"group\":{\"groups\":[],\"attributes\":[{\"name\":\"CredentialProfileFilePath\",\"displayName\":\"Credential Profile File Path\",\"tooltip\":\"The path to the credential profile file on the Secure Agent machine.\",\"defaultValue\":\"\",\"type\":\"STRING\",\"segregationCategory\":\"ADVANCE\",\"maxLength\":0,\"numRows\":0,\"mandatory\":false,\"basic\":false,\"disabled\":false,\"hidden\":false,\"hasDependentAttributes\":false,\"connectionParam\":true,\"encrypted\":false,\"isNative\":false,\"attrId\":0,\"deprecated\":false,\"vaultEnabled\":false,\"helpContextId\":\"AMAZON_S3V2_CONN-CREDENTIAL_PROFILE_FILE_AUTHENTICATION-CREDENTIALPROFILEFILEPATH\",\"dynamicRTConnAttrLink\":false},{\"name\":\"ProfileName\",\"displayName\":\"Profile Name\",\"tooltip\":\"Name of the profile to invoke an AWS API.\",\"defaultValue\":\"\",\"type\":\"STRING\",\"segregationCategory\":\"ADVANCE\",\"maxLength\":0,\"numRows\":0,\"mandatory\":false,\"basic\":false,\"disabled\":false,\"hidden\":false,\"hasDependentAttributes\":false,\"connectionParam\":true,\"encrypted\":false,\"isNative\":false,\"attrId\":0,\"deprecated\":false,\"vaultEnabled\":false,\"helpContextId\":\"AMAZON_S3V2_CONN-CREDENTIAL_PROFILE_FILE_AUTHENTICATION-PROFILENAME\",\"dynamicRTConnAttrLink\":false}],\"enableDocHelp\":false,\"collapse\":false}},{\"name\":\"UNKNOWN\"}],\"encrypted\":false,\"isNative\":false,\"attrId\":0,\"deprecated\":false,\"vaultEnabled\":false,\"helpContextId\":\"AMAZON_S3V2_CONN-OTHERAUTHENTICATIONTYPE\",\"dynamicRTConnAttrLink\":false},{\"name\":\"CredentialProfileFilePath\",\"displayName\":\"Credential Profile File Path\",\"tooltip\":\"The path to the credential profile file on the Secure Agent machine.\",\"defaultValue\":\"\",\"type\":\"STRING\",\"segregationCategory\":\"ADVANCE\",\"maxLength\":0,\"numRows\":0,\"mandatory\":false,\"basic\":false,\"disabled\":false,\"hidden\":true,\"hasDependentAttributes\":false,\"connectionParam\":false,\"encrypted\":false,\"isNative\":false,\"attrId\":0,\"deprecated\":false,\"vaultEnabled\":false,\"helpContextId\":\"AMAZON_S3V2_CONN-CREDENTIALPROFILEFILEPATH\",\"dynamicRTConnAttrLink\":false},{\"name\":\"ProfileName\",\"displayName\":\"Profile Name\",\"tooltip\":\"Name of the profile to invoke an AWS API.\",\"defaultValue\":\"\",\"type\":\"STRING\",\"segregationCategory\":\"ADVANCE\",\"maxLength\":0,\"numRows\":0,\"mandatory\":false,\"basic\":false,\"disabled\":false,\"hidden\":true,\"hasDependentAttributes\":false,\"connectionParam\":false,\"encrypted\":false,\"isNative\":false,\"attrId\":0,\"deprecated\":false,\"vaultEnabled\":false,\"helpContextId\":\"AMAZON_S3V2_CONN-PROFILENAME\",\"dynamicRTConnAttrLink\":false},{\"name\":\"S3VPCEndpointType\",\"displayName\":\"S3 VPC Endpoint Type\",\"tooltip\":\"The type of Amazon Virtual Private Cloud endpoint for Amazon S3.\",\"defaultValue\":\"NONE\",\"type\":\"LIST\",\"segregationCategory\":\"ADVANCE\",\"maxLength\":0,\"numRows\":0,\"mandatory\":false,\"basic\":false,\"disabled\":false,\"hidden\":false,\"hasDependentAttributes\":true,\"connectionParam\":false,\"options\":[{\"name\":\"NONE\",\"displayName\":\"NONE\"},{\"name\":\"Gateway Endpoint\",\"displayName\":\"Gateway Endpoint\"},{\"name\":\"Interface Endpoint\",\"displayName\":\"Interface Endpoint\"}],\"subgroups\":[{\"name\":\"NONE\",\"group\":{\"groups\":[],\"attributes\":[],\"enableDocHelp\":false,\"collapse\":false}},{\"name\":\"Gateway Endpoint\",\"group\":{\"groups\":[],\"attributes\":[],\"enableDocHelp\":false,\"collapse\":false}},{\"name\":\"Interface Endpoint\",\"group\":{\"groups\":[],\"attributes\":[{\"name\":\"S3EndPointDNSName\",\"displayName\":\"Endpoint DNS Name for Amazon S3\",\"tooltip\":\"The DNS name for the Amazon S3 interface endpoint.\",\"defaultValue\":\"\",\"type\":\"STRING\",\"segregationCategory\":\"ADVANCE\",\"maxLength\":0,\"numRows\":0,\"mandatory\":true,\"basic\":false,\"disabled\":false,\"hidden\":false,\"hasDependentAttributes\":false,\"connectionParam\":true,\"encrypted\":false,\"isNative\":false,\"attrId\":0,\"deprecated\":false,\"vaultEnabled\":false,\"helpContextId\":\"AMAZON_S3V2_CONN-INTERFACE_ENDPOINT-S3ENDPOINTDNSNAME\",\"dynamicRTConnAttrLink\":false}],\"enableDocHelp\":false,\"collapse\":false}},{\"name\":\"UNKNOWN\"}],\"encrypted\":false,\"isNative\":false,\"attrId\":0,\"deprecated\":false,\"vaultEnabled\":false,\"helpContextId\":\"AMAZON_S3V2_CONN-S3VPCENDPOINTTYPE\",\"dynamicRTConnAttrLink\":false},{\"name\":\"S3EndPointDNSName\",\"displayName\":\"Endpoint DNS Name for Amazon S3\",\"tooltip\":\"The DNS name for the Amazon S3 interface endpoint.\",\"defaultValue\":\"\",\"type\":\"STRING\",\"segregationCategory\":\"ADVANCE\",\"maxLength\":0,\"numRows\":0,\"mandatory\":false,\"basic\":false,\"disabled\":false,\"hidden\":true,\"hasDependentAttributes\":false,\"connectionParam\":false,\"encrypted\":false,\"isNative\":false,\"attrId\":0,\"deprecated\":false,\"vaultEnabled\":false,\"helpContextId\":\"AMAZON_S3V2_CONN-S3ENDPOINTDNSNAME\",\"dynamicRTConnAttrLink\":false},{\"name\":\"STSVPCEndpointType\",\"displayName\":\"STS VPC Endpoint Type\",\"tooltip\":\"The type of Amazon Virtual Private Cloud endpoint for AWS Security Token Service.\",\"defaultValue\":\"NONE\",\"type\":\"LIST\",\"segregationCategory\":\"ADVANCE\",\"maxLength\":0,\"numRows\":0,\"mandatory\":false,\"basic\":false,\"disabled\":false,\"hidden\":false,\"hasDependentAttributes\":true,\"connectionParam\":false,\"options\":[{\"name\":\"NONE\",\"displayName\":\"NONE\"},{\"name\":\"Interface Endpoint\",\"displayName\":\"Interface Endpoint\"}],\"subgroups\":[{\"name\":\"NONE\",\"group\":{\"groups\":[],\"attributes\":[],\"enableDocHelp\":false,\"collapse\":false}},{\"name\":\"Interface Endpoint\",\"group\":{\"groups\":[],\"attributes\":[{\"name\":\"STSEndPointDNSName\",\"displayName\":\"Endpoint DNS Name for AWS STS\",\"tooltip\":\"The DNS name for the AWS STS interface endpoint.\",\"defaultValue\":\"\",\"type\":\"STRING\",\"segregationCategory\":\"ADVANCE\",\"maxLength\":0,\"numRows\":0,\"mandatory\":true,\"basic\":false,\"disabled\":false,\"hidden\":false,\"hasDependentAttributes\":false,\"connectionParam\":true,\"encrypted\":false,\"isNative\":false,\"attrId\":0,\"deprecated\":false,\"vaultEnabled\":false,\"helpContextId\":\"AMAZON_S3V2_CONN-INTERFACE_ENDPOINT-STSENDPOINTDNSNAME\",\"dynamicRTConnAttrLink\":false}],\"enableDocHelp\":false,\"collapse\":false}},{\"name\":\"UNKNOWN\"}],\"encrypted\":false,\"isNative\":false,\"attrId\":0,\"deprecated\":false,\"vaultEnabled\":false,\"helpContextId\":\"AMAZON_S3V2_CONN-STSVPCENDPOINTTYPE\",\"dynamicRTConnAttrLink\":false},{\"name\":\"STSEndPointDNSName\",\"displayName\":\"Endpoint DNS Name for AWS STS\",\"tooltip\":\"The DNS name for the AWS STS interface endpoint.\",\"defaultValue\":\"\",\"type\":\"STRING\",\"segregationCategory\":\"ADVANCE\",\"maxLength\":0,\"numRows\":0,\"mandatory\":false,\"basic\":false,\"disabled\":false,\"hidden\":true,\"hasDependentAttributes\":false,\"connectionParam\":false,\"encrypted\":false,\"isNative\":false,\"attrId\":0,\"deprecated\":false,\"vaultEnabled\":false,\"helpContextId\":\"AMAZON_S3V2_CONN-STSENDPOINTDNSNAME\",\"dynamicRTConnAttrLink\":false},{\"name\":\"KMSVPCEndpointType\",\"displayName\":\"KMS VPC Endpoint Type\",\"tooltip\":\"The type of Amazon Virtual Private Cloud endpoint for AWS Key Management Service.\",\"defaultValue\":\"NONE\",\"type\":\"LIST\",\"segregationCategory\":\"ADVANCE\",\"maxLength\":0,\"numRows\":0,\"mandatory\":false,\"basic\":false,\"disabled\":false,\"hidden\":false,\"hasDependentAttributes\":true,\"connectionParam\":false,\"options\":[{\"name\":\"NONE\",\"displayName\":\"NONE\"},{\"name\":\"Interface Endpoint\",\"displayName\":\"Interface Endpoint\"}],\"subgroups\":[{\"name\":\"NONE\",\"group\":{\"groups\":[],\"attributes\":[],\"enableDocHelp\":false,\"collapse\":false}},{\"name\":\"Interface Endpoint\",\"group\":{\"groups\":[],\"attributes\":[{\"name\":\"KMSEndPointDNSName\",\"displayName\":\"Endpoint DNS Name for AWS KMS\",\"tooltip\":\"The DNS name for the AWS KMS interface endpoint.\",\"defaultValue\":\"\",\"type\":\"STRING\",\"segregationCategory\":\"ADVANCE\",\"maxLength\":0,\"numRows\":0,\"mandatory\":false,\"basic\":false,\"disabled\":false,\"hidden\":false,\"hasDependentAttributes\":false,\"connectionParam\":true,\"encrypted\":false,\"isNative\":false,\"attrId\":0,\"deprecated\":false,\"vaultEnabled\":false,\"helpContextId\":\"AMAZON_S3V2_CONN-INTERFACE_ENDPOINT-KMSENDPOINTDNSNAME\",\"dynamicRTConnAttrLink\":false}],\"enableDocHelp\":false,\"collapse\":false}},{\"name\":\"UNKNOWN\"}],\"encrypted\":false,\"isNative\":false,\"attrId\":0,\"deprecated\":false,\"vaultEnabled\":false,\"helpContextId\":\"AMAZON_S3V2_CONN-KMSVPCENDPOINTTYPE\",\"dynamicRTConnAttrLink\":false},{\"name\":\"KMSEndPointDNSName\",\"displayName\":\"Endpoint DNS Name for AWS KMS\",\"tooltip\":\"The DNS name for the AWS KMS interface endpoint.\",\"defaultValue\":\"\",\"type\":\"STRING\",\"segregationCategory\":\"ADVANCE\",\"maxLength\":0,\"numRows\":0,\"mandatory\":false,\"basic\":false,\"disabled\":false,\"hidden\":true,\"hasDependentAttributes\":false,\"connectionParam\":false,\"encrypted\":false,\"isNative\":false,\"attrId\":0,\"deprecated\":false,\"vaultEnabled\":false,\"helpContextId\":\"AMAZON_S3V2_CONN-KMSENDPOINTDNSNAME\",\"dynamicRTConnAttrLink\":false},{\"name\":\"MasterSymmetricKey\",\"displayName\":\"Master Symmetric Key\",\"tooltip\":\"A 256-bit AES encryption key in the Base64 format.\",\"defaultValue\":\"\",\"type\":\"PASSWORD\",\"segregationCategory\":\"ADVANCE\",\"maxLength\":0,\"numRows\":0,\"mandatory\":false,\"basic\":false,\"disabled\":false,\"hidden\":false,\"hasDependentAttributes\":false,\"connectionParam\":false,\"encrypted\":true,\"isNative\":false,\"attrId\":0,\"deprecated\":false,\"vaultEnabled\":false,\"helpContextId\":\"AMAZON_S3V2_CONN-MASTERSYMMETRICKEY\",\"dynamicRTConnAttrLink\":false},{\"name\":\"CustomerMasterKeyID\",\"displayName\":\"Customer Master Key ID\",\"tooltip\":\"Customer master key ID or alias name generated by AWS Key Management Service.\",\"defaultValue\":\"\",\"type\":\"PASSWORD\",\"segregationCategory\":\"ADVANCE\",\"maxLength\":0,\"numRows\":0,\"mandatory\":false,\"basic\":false,\"disabled\":false,\"hidden\":false,\"hasDependentAttributes\":false,\"connectionParam\":false,\"encrypted\":true,\"isNative\":false,\"attrId\":0,\"deprecated\":false,\"vaultEnabled\":false,\"helpContextId\":\"AMAZON_S3V2_CONN-CUSTOMERMASTERKEYID\",\"dynamicRTConnAttrLink\":false}],\"type\":\"GROUP\",\"title\":\"Connection Section\",\"enableDocHelp\":false,\"collapse\":false}],\"attributes\":[],\"type\":\"PAGE\",\"title\":\"Connection Page\",\"enableDocHelp\":false,\"collapse\":false}],\"attributes\":[],\"showVaultToggle\":false,\"connectionCapabilities\":\"{\\\"SUPPORTS_TARGET\\\":true,\\\"HIERARCHY_SEARCH\\\":true,\\\"OBJECT_SEARCH\\\":true,\\\"SUPPORTS_KEYS\\\":true,\\\"SUPPORTS_CREATE_RECORD\\\":true,\\\"SUPPORTS_FLAT_FILE_OPTIONS\\\":true,\\\"SUPPORTS_METADATA_EDIT\\\":true,\\\"SUPPORTS_SOURCE\\\":true,\\\"SUPPORTS_INFER_FROM_TARGET\\\":true,\\\"SUPPORTS_FIELD_EXTENSIONS\\\":true,\\\"SUPPORTS_DEPLOYMENTS_OVERRIDE\\\":true,\\\"SUPPORTS_TGT_OBJECT_ATTRIBUTES\\\":true,\\\"EXTENDED_FORMATTING_OPTIONS\\\":true,\\\"SUPPORTS_OPERATION_TYPE\\\":true,\\\"SUPPORTS_CONNECTION_SEGREGATION\\\":true,\\\"SUPPORT_ATTRIBUTE_CATEGORIZATION\\\":true,\\\"SUPPORTS_SPECIAL_CHARACTERS\\\":true,\\\"SUPPORTS_DISABLE_OBJECT_EDIT\\\":true,\\\"DISABLE_MULTI_OBJECT_WRITE\\\":true,\\\"SUPPORTS_PACKAGE_IMPORT\\\":true,\\\"SUPPORT_NEW_TARGET_FIELD_EDIT\\\":true}\",\"docContextId\":\"AMAZON_S3V2_CONN\"}","orgId":"012SA3","S3VPCEndpointType":"NONE","OtherAuthenticationType":"NONE","RegionName":"Asia Pacific(Mumbai)","FederatedSSOIdP":"NONE","AccessKey":"********","KMSEndPointDNSName":"","FolderPath":"inf-tek-buckt/USER01","S3RegionName":"Asia Pacific(Mumbai)","FederatedUsername":"","RoleARN":"","SAMLIdentityProviderARN":"","SecretKey":"********","RESTEndpoint":"","CredentialProfileFilePath":"","STSVPCEndpointType":"NONE"},"internal":false,"federatedId":"5MVsSDUSYygddTB4c1OKor","retryNetworkError":false,"supportsCCIMultiGroup":false,"metadataBrowsable":true,"supportLabels":true,"vaultEnabled":false,"vaultEnabledParams":[],"connectorGuid":"com.infa.adapter.amazons3"}]