[{"@type":"mappingTemplate","id":"@1","name":"OrderRouter_map","description":"","bundleVersion":"0","assetFrsGuid":"6DpJBAoZyRLhB2JzZdDtOD","templateId":"@3","deployTime":1734345462000,"hasParameters":false,"valid":true,"fixedConnection":true,"hasParametersDeployed":false,"fixedConnectionDeployed":true,"isSchemaValidationEnabled":false,"tasks":1,"mappingPreviewFileRecordId":"@2","documentType":"MAPPING","references":[{"@type":"reference","refObjectId":"@5MVsSDUSYygddTB4c1OKor","refType":"connection"}]}]