[{"@type":"dssTask","id":"@1","name":"Employeetask","description":"","maxLogs":10,"scheduleId":"@2","sourceConnectionId":"@7pWd9iz7LcydlhmugSsN0T","targetConnectionId":"@7pWd9iz7LcydlhmugSsN0T","targetObject":"EMPLOYEE_DTL","targetObjectLabel":"EMPLOYEE_DTL","operation":"Upsert","maxRows":0,"truncateTarget":false,"bulkApiDBTarget":false,"verbose":false,"targetMetadataUpdated":false,"modelVersion":"V3-R600","queryAll":false,"srcSettings":{"@type":"taskDataSourceSetting","isShowLabels":false,"isNaturalOrder":true},"tgtSettings":{"@type":"taskDataSourceSetting","isShowLabels":false,"isNaturalOrder":true},"cfSettings":{"@type":"taskDataSourceSetting","isShowLabels":false,"isNaturalOrder":false},"bulkApi":false,"bulkApiSerialMode":false,"bulkApiMonitor":false,"isTargetObjectSfCustom":false,"allowNullUpdates":false,"targetBatchSize":200,"assignmentRuleId":"-1","assignmentRuleType":"None","createSuccessFile":false,"bulkApiHardDelete":false,"srcRuntimeAttrs":{"@type":"taskRuntimeAttrs","attrs":{}},"tgtRuntimeAttrs":{"@type":"taskRuntimeAttrs","attrs":{}},"parameterFileEncoding":"UTF-8","serverlessProperties":{},"sourceObjects":[{"@type":"mObject","name":"EMPLOYEE","label":"EMPLOYEE","metadataUpdated":false,"relations":[],"children":[]}],"advancedFilters":[],"filters":[],"fieldMaps":[{"@type":"fieldMap","id":"13193870","targetField":{"@type":"field","id":68553323,"name":"EMP_ID","type":"integer","uniqueName":"EMP_ID","label":"EMP_ID","parentObject":"EMPLOYEE_DTL","pcType":"INT","precision":10,"scale":0,"columnIndex":0,"isKey":true,"isWaterMarkKey":false,"isExternalId":false,"isSfIdLookup":false,"isNullable":false,"isUnique":true,"isCreateable":false,"isUpdateable":true,"isFilterable":true,"isCalculated":false,"filterType":"INT","showLabel":false,"naturalOrder":0,"typeConfigFields":[],"typeConfigProperties":{},"linkedFields":["EMP_ID"],"relatedInfos":[],"references":[]},"expression":"EMP_ID"},{"@type":"fieldMap","id":"13193871","targetField":{"@type":"field","id":68553324,"name":"EMP_NAME","type":"varchar","uniqueName":"EMP_NAME","label":"EMP_NAME","parentObject":"EMPLOYEE_DTL","pcType":"STRING","precision":100,"scale":0,"columnIndex":1,"isKey":false,"isWaterMarkKey":false,"isExternalId":false,"isSfIdLookup":false,"isNullable":true,"isUnique":false,"isCreateable":false,"isUpdateable":true,"isFilterable":true,"isCalculated":false,"filterType":"STRING","showLabel":false,"naturalOrder":1,"typeConfigFields":[],"typeConfigProperties":{},"linkedFields":["EMP_NM"],"relatedInfos":[],"references":[]},"expression":"EMP_NM"},{"@type":"fieldMap","id":"13193872","targetField":{"@type":"field","id":68553325,"name":"STATUS","type":"varchar","uniqueName":"STATUS","label":"STATUS","parentObject":"EMPLOYEE_DTL","pcType":"STRING","precision":20,"scale":0,"columnIndex":2,"isKey":false,"isWaterMarkKey":false,"isExternalId":false,"isSfIdLookup":false,"isNullable":true,"isUnique":false,"isCreateable":false,"isUpdateable":true,"isFilterable":true,"isCalculated":false,"filterType":"STRING","showLabel":false,"naturalOrder":2,"typeConfigFields":[],"typeConfigProperties":{},"linkedFields":[],"relatedInfos":[],"references":[]},"expression":"STATUS"},{"@type":"fieldMap","id":"13193873","targetField":{"@type":"field","id":68553326,"name":"SRC_CD","type":"varchar","uniqueName":"SRC_CD","label":"SRC_CD","parentObject":"EMPLOYEE_DTL","pcType":"STRING","precision":10,"scale":0,"columnIndex":3,"isKey":false,"isWaterMarkKey":false,"isExternalId":false,"isSfIdLookup":false,"isNullable":true,"isUnique":false,"isCreateable":false,"isUpdateable":true,"isFilterable":true,"isCalculated":false,"filterType":"STRING","showLabel":false,"naturalOrder":3,"typeConfigFields":[],"typeConfigProperties":{},"linkedFields":[],"relatedInfos":[],"references":[]},"expression":"SRC_CD"},{"@type":"fieldMap","id":"13193874","targetField":{"@type":"field","id":68553327,"name":"COUNTRY","type":"varchar","uniqueName":"COUNTRY","label":"COUNTRY","parentObject":"EMPLOYEE_DTL","pcType":"STRING","precision":50,"scale":0,"columnIndex":4,"isKey":false,"isWaterMarkKey":false,"isExternalId":false,"isSfIdLookup":false,"isNullable":true,"isUnique":false,"isCreateable":false,"isUpdateable":true,"isFilterable":true,"isCalculated":false,"filterType":"STRING","showLabel":false,"naturalOrder":4,"typeConfigFields":[],"typeConfigProperties":{},"linkedFields":[],"relatedInfos":[],"references":[]},"expression":"COUNTRY"}],"sourceFields":[{"@type":"field","id":68554253,"name":"EMP_ID","type":"integer","uniqueName":"EMP_ID","label":"EMP_ID","parentObject":"EMPLOYEE","pcType":"INT","precision":10,"scale":0,"columnIndex":0,"isKey":true,"isWaterMarkKey":false,"isExternalId":false,"isSfIdLookup":false,"isNullable":false,"isUnique":true,"isCreateable":false,"isUpdateable":true,"isFilterable":true,"isCalculated":false,"filterType":"INT","showLabel":false,"naturalOrder":0,"typeConfigFields":[],"typeConfigProperties":{},"linkedFields":["EMP_ID"],"relatedInfos":[],"references":[]},{"@type":"field","id":68554254,"name":"EMP_NM","type":"varchar","uniqueName":"EMP_NM","label":"EMP_NM","parentObject":"EMPLOYEE","pcType":"STRING","precision":100,"scale":0,"columnIndex":1,"isKey":false,"isWaterMarkKey":false,"isExternalId":false,"isSfIdLookup":false,"isNullable":true,"isUnique":false,"isCreateable":false,"isUpdateable":true,"isFilterable":true,"isCalculated":false,"filterType":"STRING","showLabel":false,"naturalOrder":1,"typeConfigFields":[],"typeConfigProperties":{},"linkedFields":["EMP_NAME"],"relatedInfos":[],"references":[]},{"@type":"field","id":68554255,"name":"STATUS","type":"varchar","uniqueName":"STATUS","label":"STATUS","parentObject":"EMPLOYEE","pcType":"STRING","precision":20,"scale":0,"columnIndex":2,"isKey":false,"isWaterMarkKey":false,"isExternalId":false,"isSfIdLookup":false,"isNullable":true,"isUnique":false,"isCreateable":false,"isUpdateable":true,"isFilterable":true,"isCalculated":false,"filterType":"STRING","showLabel":false,"naturalOrder":2,"typeConfigFields":[],"typeConfigProperties":{},"linkedFields":[],"relatedInfos":[],"references":[]},{"@type":"field","id":68554256,"name":"SRC_CD","type":"varchar","uniqueName":"SRC_CD","label":"SRC_CD","parentObject":"EMPLOYEE","pcType":"STRING","precision":10,"scale":0,"columnIndex":3,"isKey":false,"isWaterMarkKey":false,"isExternalId":false,"isSfIdLookup":false,"isNullable":true,"isUnique":false,"isCreateable":false,"isUpdateable":true,"isFilterable":true,"isCalculated":false,"filterType":"STRING","showLabel":false,"naturalOrder":3,"typeConfigFields":[],"typeConfigProperties":{},"linkedFields":[],"relatedInfos":[],"references":[]},{"@type":"field","id":68554257,"name":"COUNTRY","type":"varchar","uniqueName":"COUNTRY","label":"COUNTRY","parentObject":"EMPLOYEE","pcType":"STRING","precision":50,"scale":0,"columnIndex":4,"isKey":false,"isWaterMarkKey":false,"isExternalId":false,"isSfIdLookup":false,"isNullable":true,"isUnique":false,"isCreateable":false,"isUpdateable":true,"isFilterable":true,"isCalculated":false,"filterType":"STRING","showLabel":false,"naturalOrder":4,"typeConfigFields":[],"typeConfigProperties":{},"linkedFields":[],"relatedInfos":[],"references":[]}],"sortFields":[],"groupFields":[]}]