[{"@type":"mappingTemplate","id":"@1","name":"CompanyEmployeeHierarchy_map","description":"","bundleVersion":"0","assetFrsGuid":"fJP3rj1xf6hfJSvdqSFJAv","templateId":"@3","deployTime":1733978901000,"hasParameters":false,"valid":true,"fixedConnection":true,"hasParametersDeployed":false,"fixedConnectionDeployed":true,"isSchemaValidationEnabled":false,"tasks":1,"mappingPreviewFileRecordId":"@2","documentType":"MAPPING","references":[{"@type":"reference","refObjectId":"@0q00cIjDzFzlh8ChfDjhWL","refType":"hschema"},{"@type":"reference","refObjectId":"@5MVsSDUSYygddTB4c1OKor","refType":"connection"}]}]