[{"@type":"mappingTemplate","id":"@1","name":"EmployeeSalaryRank_map","description":"","bundleVersion":"0","assetFrsGuid":"9jsBOn7gq6xiPz6lTBs4S0","templateId":"@3","deployTime":1733725180000,"hasParameters":false,"valid":true,"fixedConnection":true,"hasParametersDeployed":false,"fixedConnectionDeployed":true,"isSchemaValidationEnabled":false,"tasks":1,"mappingPreviewFileRecordId":"@2","documentType":"MAPPING","references":[{"@type":"reference","refObjectId":"@5MVsSDUSYygddTB4c1OKor","refType":"connection"}]}]