[{"@type":"mappingTemplate","id":"@1","name":"EmployeeUnion_map","description":"","bundleVersion":"0","assetFrsGuid":"cupYkVwiImvi08F3GV49yx","templateId":"@3","deployTime":1733459765000,"hasParameters":false,"valid":true,"fixedConnection":true,"hasParametersDeployed":false,"fixedConnectionDeployed":true,"isSchemaValidationEnabled":false,"tasks":1,"mappingPreviewFileRecordId":"@2","documentType":"MAPPING","references":[{"@type":"reference","refObjectId":"@5MVsSDUSYygddTB4c1OKor","refType":"connection"}]}]